Freq, Harmonic, V1, VAngle1, V2, VAngle2, V3, VAngle3, V4, VAngle4, I1, IAngle1, I2, IAngle2, I3, IAngle3, I4, IAngle4
60, 1.00000, 143.931, -23.0841, 143.931, -143.084, 143.931, 96.9159, 0, 0, 1228.76, 156.916, 1228.76, 36.9158, 1228.76, -83.0842, 2.98994E-009, -139.127
180, 3.00000, 3.95837, 55.5207, 3.95837, 55.5207, 3.95837, 55.5207, 0, 0, 99.3186, 157.889, 99.3186, 157.889, 99.3186, 157.889, 297.956, -22.1114
300, 5.00000, 7.49118, -32.013, 7.49118, 87.987, 7.49118, -152.013, 0, 0, 82.9246, 74.2789, 82.9246, -165.721, 82.9246, -45.7211, 1.04697E-007, 18.7297
420, 7.00000, 10.2856, 125.969, 10.2856, 5.9695, 10.2856, -114.031, 0, 0, 80.7794, -126.327, 80.7794, 113.673, 80.7794, -6.32684, 1.50216E-007, 117.644
540, 9.00000, 2.84451, -76.9015, 2.84451, -76.9015, 2.84451, -76.9015, 0, 0, 25.9836, 30.372, 25.9836, 30.372, 25.9836, 30.372, 77.9509, -149.628
660, 11.00000, 2.96899, 107.758, 2.96899, -132.242, 2.96899, -12.242, 0, 0, 15.254, -137.502, 15.254, -17.502, 15.254, 102.498, 4.73507E-008, 162.63
780, 13.00000, 2.76854, -56.0819, 2.76854, -176.082, 2.76854, 63.9181, 0, 0, 12.4773, 62.4552, 12.4773, -57.5448, 12.4773, -177.545, 4.6177E-008, -59.6892
900, 15.00000, 1.59114, -165.426, 1.59114, -165.426, 1.59114, -165.426, 0, 0, 9.70545, -52.3665, 9.70545, -52.3665, 9.70545, -52.3665, 29.1163, 127.634
