Freq, Harmonic, V1, VAngle1, V2, VAngle2, V3, VAngle3, V4, VAngle4, I1, IAngle1, I2, IAngle2, I3, IAngle3, I4, IAngle4
60, 1.00000, 151.912, -19.8645, 151.912, -139.865, 151.912, 100.135, 0, 0, 1945.47, 160.136, 1945.47, 40.1362, 1945.47, -79.8638, 1.17718E-009, -136.589
180, 3.00000, 4.68242, 59.2801, 4.68242, 59.2801, 4.68242, 59.2801, 0, 0, 138.273, 162.378, 138.273, 162.378, 138.273, 162.378, 414.82, -17.6216
300, 5.00000, 8.19048, -19.3417, 8.19048, 100.658, 8.19048, -139.342, 0, 0, 112.764, 88.2824, 112.764, -151.718, 112.764, -31.7176, 1.41175E-007, 30.0806
420, 7.00000, 11.1502, 146.298, 11.1502, 26.2979, 11.1502, -93.7021, 0, 0, 111.066, -106.279, 111.066, 133.721, 111.066, 13.7213, 2.00229E-007, 135.649
540, 9.00000, 3.1447, -50.961, 3.1447, -50.961, 3.1447, -50.961, 0, 0, 34.4301, 54.6763, 34.4301, 54.6763, 34.4301, 54.6763, 103.29, -125.324
660, 11.00000, 3.22281, 142.116, 3.22281, -97.8836, 3.22281, 22.1164, 0, 0, 21.1265, -107.225, 21.1265, 12.7749, 21.1265, 132.775, 6.23989E-008, -166.952
780, 13.00000, 3.01132, -15.0441, 3.01132, -135.044, 3.01132, 104.956, 0, 0, 17.1289, 97.7378, 17.1289, -22.2622, 17.1289, -142.262, 6.04757E-008, -23.2115
900, 15.00000, 1.74679, -119.136, 1.74679, -119.136, 1.74679, -119.136, 0, 0, 12.6245, -9.81354, 12.6245, -9.81354, 12.6245, -9.81354, 37.8735, 170.186
