Freq, Harmonic, V1, VAngle1, V2, VAngle2, V3, VAngle3, V4, VAngle4, I1, IAngle1, I2, IAngle2, I3, IAngle3, I4, IAngle4
60, 1.00000, 147.384, -21.6454, 147.384, -141.645, 147.384, 98.3546, 0, 0, 1509.98, 158.355, 1509.98, 38.3549, 1509.98, -81.6451, 2.76244E-009, -138.168
180, 3.00000, 4.26505, 56.8144, 4.26505, 56.8144, 4.26505, 56.8144, 0, 0, 114.926, 160.128, 114.926, 160.128, 114.926, 160.128, 344.777, -19.8724
300, 5.00000, 7.85554, -27.3534, 7.85554, 92.6466, 7.85554, -147.353, 0, 0, 91.4725, 80.2384, 91.4725, -159.762, 91.4725, -39.7616, 1.18568E-007, 24.526
420, 7.00000, 10.6714, 133.976, 10.6714, 13.9764, 10.6714, -106.024, 0, 0, 88.1778, -116.411, 88.1778, 123.589, 88.1778, 3.58922, 1.68529E-007, 127.209
540, 9.00000, 2.93965, -65.9235, 2.93965, -65.9235, 2.93965, -65.9235, 0, 0, 29.0921, 43.6465, 29.0921, 43.6465, 29.0921, 43.6465, 87.2762, -136.354
660, 11.00000, 3.05453, 122.177, 3.05453, -117.823, 3.05453, 2.17719, 0, 0, 16.7409, -119.873, 16.7409, 0.126573, 16.7409, 120.127, 5.3138E-008, 179.479
780, 13.00000, 2.84337, -38.5695, 2.84337, -158.569, 2.84337, 81.4305, 0, 0, 13.8258, 83.5876, 13.8258, -36.4124, 13.8258, -156.412, 5.20678E-008, -39.4124
900, 15.00000, 1.63014, -145.131, 1.63014, -145.131, 1.63014, -145.131, 0, 0, 11.0093, -28.7972, 11.0093, -28.7972, 11.0093, -28.7972, 33.0279, 151.203
